Workbook

Sheet 1.Processo de Simon

Sheet NotasIniciais
A1: escalar o preço
A2: ao normalizar, a escala ficar invertida (valor maior, fica com numero menor de 1 a 10)
A3: polaridade?
A4: analise de sensibilidade - alterar pesos dos criterios e ver o impacto que tem na ordem das escolhas (se tiver que mudar muito as percentagens apra alterar a ordem, é pouco sensível a mudanças na ponderação - o que é o desejável)
A5: decisão em grupo: tem que usar os votos de cada um para chegar a decisão final -- multiplicar o score que cada decisor pelo numero de votos que ele tem e depois faz-se um quadro com a média de todos???

Sheet Calças
A2: Tipo | B2: Link | C2: Referência
A3: Ganga Azul Escuro | B3: https://www.zara.com/pt/pt/jeans-regular-fit-p04048440.html?v1=495707340 | C3: 4048/440/407
A4: Ganga Azul Médio | B4: https://www.zara.com/pt/pt/jeans-regular-fit-p04048440.html?v1=495707337 | C4: 4048/440/427
A5: Ganga Azul Claro | B5: https://www.zara.com/pt/pt/jeans-regular-fit-p04048440.html?v1=528209032 | C5: 4048/440/406
A6: Ganga Preta | B6: https://www.zara.com/pt/pt/jeans-regular-fit-p04048440.html?v1=495707336 | C6: 4048/440/822
A7: Fato Preta | B7: https://www.zara.com/pt/pt/calcas-de-fato-conforto-p04457999.html?v1=503421862 | C7: 4457/999/800
A8: Fato Bege | B8: https://www.zara.com/pt/pt/calcas-de-fato-100-linho-p04410411.html?v1=504031158 | C8: 4410/411/052
A9: Fato Cinzenta | B9: https://www.zara.com/pt/pt/calcas-de-fato-com-estrutura-p04569718.html?v1=513434036 | C9: 4569/718/811

Sheet C1
A1: SSD: Escolher uma peça de roupa (calças)
A3: Critérios: | B3: SCORE | C3: Preço | D3: Conforto | E3: Qualidade | F3: Estilo | G3: Versatilidade | H3: Funcionalidade
A4: Peso (%) | C4: 0.2 | D4: 0.2 | E4: 0.15 | F4: 0.25 | G4: 0.15 | H4: 0.05
A5: Ganga Azul Escuro | B5: =SUM(C5*C4+D5*D4+E5*E4+F5*F4+G5*G4+H5*H4) -> 7.05 | C5: 8 | D5: 7 | E5: 7 | F5: 7 | G5: 6 | H5: 7
A6: Ganga Azul Médio | B6: =SUM(C6*C4+D6*D4+E6*E4+F6*F4+G6*G4+H6*H4) -> 8 | C6: 8 | D6: 7 | E6: 7 | F6: 9 | G6: 9 | H6: 7
A7: Ganga Azul Claro | B7: =SUM(C7*C4+D7*D4+E7*E4+F7*F4+G7*G4+H7*H4) -> 7.45 | C7: 8 | D7: 7 | E7: 7 | F7: 8 | G7: 7 | H7: 7
A8: Ganga Preta | B8: =SUM(C8*C4+D8*D4+E8*E4+F8*F4+G8*G4+H8*H4) -> 7.75 | C8: 8 | D8: 7 | E8: 8 | F8: 8 | G8: 8 | H8: 7
A9: Fato Preta | B9: =SUM(C9*C4+D9*D4+E9*E4+F9*F4+G9*G4+H9*H4) -> 7.85 | C9: 7 | D9: 8 | E9: 9 | F9: 7 | G9: 9 | H9: 8
A10: Fato Bege | B10: =SUM(C10*C4+D10*D4+E10*E4+F10*F4+G10*G4+H10*H4) -> 7.2 | C10: 7 | D10: 8 | E10: 9 | F10: 6 | G10: 7 | H10: 6
A11: Fato Cinzenta | B11: =SUM(C11*C4+D11*D4+E11*E4+F11*F4+G11*G4+H11*H4) -> 7.05 | C11: 7 | D11: 8 | E11: 9 | F11: 6 | G11: 6 | H11: 6

Sheet Sensibilidade1
A1: $C$4:$H$4 by | B1: (All)
A3: Row Labels | B3: G. Azul Escuro | C3: G. Azul Médio | D3: G. Azul Claro | E3: G. Preta | F3: F. Preta | G3: F. Beje | H3: F. Cinzenta
A4: Base | B4: 6.95 | C4: 7.9 | D4: 7.35 | E4: 7.65 | F4: 7.8 | G4: 7.2 | H4: 7.05
A5: Foco na Funcionalidade | B5: 6 | C5: 6.5 | D5: 6.2 | E5: 6.4 | F5: 7.5 | G5: 6.7 | H5: 6.6
A6: Foco na Qualidade | B6: 6.8 | C6: 7.3 | D6: 7 | E6: 7.6 | F6: 8.3 | G6: 7.9 | H6: 7.8
A7: Foco na Versatilidade | B7: 6.4 | C7: 8.1 | D7: 7 | E7: 7.6 | F7: 8.3 | G7: 7.1 | H7: 6.6
A8: Foco no Conforto | B8: 6.8 | C8: 7.3 | D8: 7 | E8: 7.2 | F8: 7.9 | G8: 7.5 | H8: 7.4
A9: Foco no Estilo | B9: 6.8 | C9: 8.1 | D9: 7.4 | E9: 7.6 | F9: 7.5 | G9: 6.7 | H9: 6.6
A10: Foco no Preço | B10: 7.2 | C10: 7.7 | D10: 7.4 | E10: 7.6 | F10: 7.5 | G10: 7.1 | H10: 7

Sheet C2
A1: SSD: Escolher uma peça de roupa (calças)
A3: Critérios: | B3: SCORE | C3: Preço | D3: Conforto | E3: Qualidade | F3: Estilo | G3: Versatilidade | H3: Funcionalidade
A4: Peso (%) | C4: 0.2 | D4: 0.2 | E4: 0.15 | F4: 0.25 | G4: 0.15 | H4: 0.05
A5: Ganga Azul Escuro | B5: =SUM(C5*C4+D5*D4+E5*E4+F5*F4+G5*G4+H5*H4) -> 7.95 | C5: 8 | D5: 8 | E5: 7 | F5: 9 | G5: 8 | H5: 5
A6: Ganga Azul Médio | B6: =SUM(C6*C4+D6*D4+E6*E4+F6*F4+G6*G4+H6*H4) -> 7.85 | C6: 8 | D6: 8 | E6: 7 | F6: 8 | G6: 9 | H6: 5
A7: Ganga Azul Claro | B7: =SUM(C7*C4+D7*D4+E7*E4+F7*F4+G7*G4+H7*H4) -> 7.3 | C7: 8 | D7: 8 | E7: 7 | F7: 7 | G7: 7 | H7: 5
A8: Ganga Preta | B8: =SUM(C8*C4+D8*D4+E8*E4+F8*F4+G8*G4+H8*H4) -> 7.95 | C8: 8 | D8: 8 | E8: 7 | F8: 9 | G8: 8 | H8: 5
A9: Fato Preta | B9: =SUM(C9*C4+D9*D4+E9*E4+F9*F4+G9*G4+H9*H4) -> 8 | C9: 7 | D9: 9 | E9: 9 | F9: 7 | G9: 9 | H9: 7
A10: Fato Bege | B10: =SUM(C10*C4+D10*D4+E10*E4+F10*F4+G10*G4+H10*H4) -> 7.3 | C10: 7 | D10: 9 | E10: 9 | F10: 6 | G10: 6 | H10: 7
A11: Fato Cinzenta | B11: =SUM(C11*C4+D11*D4+E11*E4+F11*F4+G11*G4+H11*H4) -> 7.7 | C11: 7 | D11: 9 | E11: 9 | F11: 7 | G11: 7 | H11: 7

Sheet Sensibilidade2
A1: $C$4:$H$4 by | B1: (All)
A3: Row Labels | B3: G. Azul Escuro | C3: G. Azul Médio | D3: G. Azul Claro | E3: G. Preta | F3: F. Preta | G3: F. Beje | H3: F. Cinzenta
A4: Base | B4: 7.95 | C4: 7.85 | D4: 7.3 | E4: 7.95 | F4: 8 | G4: 7.7 | H4: 7.3
A5: Conforto | B5: 7.7 | C5: 7.7 | D5: 7.4 | E5: 7.7 | F5: 8.4 | G5: 8.2 | H5: 8
A6: Estilo | B6: 8.1 | C6: 7.7 | D6: 7 | E6: 8.1 | F6: 7.6 | G6: 7.4 | H6: 6.8
A7: Funcionalidade | B7: 6.5 | C7: 6.5 | D7: 6.2 | E7: 6.5 | F7: 7.6 | G7: 7.4 | H7: 7.2
A8: Preço | B8: 7.7 | C8: 7.7 | D8: 7.4 | E8: 7.7 | F8: 7.6 | G8: 7.4 | H8: 7.2
A9: Qualidade | B9: 7.3 | C9: 7.3 | D9: 7 | E9: 7.3 | F9: 8.4 | G9: 8.2 | H9: 8
A10: Versatilidade | B10: 7.7 | C10: 8.1 | D10: 7 | E10: 7.7 | F10: 8.4 | G10: 7.4 | H10: 6.8

Sheet C3
A1: SSD: Escolher uma peça de roupa (calças)
A3: Critérios: | B3: SCORE | C3: Preço | D3: Conforto | E3: Qualidade | F3: Estilo | G3: Versatilidade | H3: Funcionalidade
A4: Peso (%) | C4: 0.2 | D4: 0.2 | E4: 0.15 | F4: 0.25 | G4: 0.15 | H4: 0.05
A5: Ganga Azul Escuro | B5: =SUM(C5*C4+D5*D4+E5*E4+F5*F4+G5*G4+H5*H4) -> 7.45 | C5: 8 | D5: 8 | E5: 7 | F5: 8 | G5: 6 | H5: 6
A6: Ganga Azul Médio | B6: =SUM(C6*C4+D6*D4+E6*E4+F6*F4+G6*G4+H6*H4) -> 8.25 | C6: 8 | D6: 9 | E6: 7 | F6: 9 | G6: 8 | H6: 7
A7: Ganga Azul Claro | B7: =SUM(C7*C4+D7*D4+E7*E4+F7*F4+G7*G4+H7*H4) -> 8.25 | C7: 8 | D7: 9 | E7: 7 | F7: 9 | G7: 8 | H7: 7
A8: Ganga Preta | B8: =SUM(C8*C4+D8*D4+E8*E4+F8*F4+G8*G4+H8*H4) -> 6.95 | C8: 8 | D8: 8 | E8: 7 | F8: 6 | G8: 6 | H8: 6
A9: Fato Preta | B9: =SUM(C9*C4+D9*D4+E9*E4+F9*F4+G9*G4+H9*H4) -> 7.7 | C9: 7 | D9: 10 | E9: 7 | F9: 7 | G9: 7 | H9: 9
A10: Fato Bege | B10: =SUM(C10*C4+D10*D4+E10*E4+F10*F4+G10*G4+H10*H4) -> 8.5 | C10: 7 | D10: 10 | E10: 7 | F10: 9 | G10: 9 | H10: 9
A11: Fato Cinzenta | B11: =SUM(C11*C4+D11*D4+E11*E4+F11*F4+G11*G4+H11*H4) -> 8.25 | C11: 7 | D11: 10 | E11: 7 | F11: 8 | G11: 9 | H11: 9

Sheet Sensibilidade(C3)
A1: $C$4:$H$4 by | B1: (All)
A3: Row Labels | B3: G. Azul Escuro | C3: G. Azul Médio | D3: G. Azul Claro | E3: G. Preta | F3: F. Preta | G3: F. Bege | H3: F. Cinzenta
A4: Base | B4: 7.45 | C4: 8.25 | D4: 8.25 | E4: 6.95 | F4: 7.7 | G4: 8.5 | H4: 8.25
A5: Conforto | B5: 7.5 | C5: 8.4 | D5: 8.4 | E5: 7.3 | F5: 8.7 | G5: 9.1 | H5: 9
A6: Estilo | B6: 7.5 | C6: 8.4 | D6: 8.4 | E6: 6.5 | F6: 7.5 | G6: 8.7 | H6: 8.2
A7: Funcionalidade | B7: 6.7 | C7: 7.6 | D7: 7.6 | E7: 6.5 | F7: 8.3 | G7: 8.7 | H7: 8.6
A8: Preco | B8: 7.5 | C8: 8 | D8: 8 | E8: 7.3 | F8: 7.5 | G8: 7.9 | H8: 7.8
A9: Qualidade | B9: 7.1 | C9: 7.6 | D9: 7.6 | E9: 6.9 | F9: 7.5 | G9: 7.9 | H9: 7.8
A10: Versatilidade | B10: 6.7 | C10: 8 | D10: 8 | E10: 6.5 | F10: 7.5 | G10: 8.7 | H10: 8.6

Sheet DecisorGrupo
A1: SSD: Escolher uma peça de roupa
A3: PEÇA | B3: Score C1 | C3: Score C2 | D3: Score C3 | E3: Score Final
A4: Ganga Azul Escuro | B4: ='C1'!B5 -> 7.05 | C4: ='C2'!B5 -> 7.95 | D4: ='C3'!B5 -> 7.45 | E4: =AVERAGE(B4:D4) -> 7.4833333
A5: Ganga Azul Médio | B5: ='C1'!B6 -> 8 | C5: ='C2'!B6 -> 7.85 | D5: ='C3'!B6 -> 8.25 | E5: =AVERAGE(B5:D5) -> 8.0333333
A6: Ganga Azul Claro | B6: ='C1'!B7 -> 7.45 | C6: ='C2'!B7 -> 7.3 | D6: ='C3'!B7 -> 8.25 | E6: =AVERAGE(B6:D6) -> 7.6666667
A7: Ganga Preta | B7: ='C1'!B8 -> 7.75 | C7: ='C2'!B8 -> 7.95 | D7: ='C3'!B8 -> 6.95 | E7: =AVERAGE(B7:D7) -> 7.55
A8: Fato Preta | B8: ='C1'!B9 -> 7.85 | C8: ='C2'!B9 -> 8 | D8: ='C3'!B9 -> 7.7 | E8: =AVERAGE(B8:D8) -> 7.85
A9: Fato Bege | B9: ='C1'!B10 -> 7.2 | C9: ='C2'!B10 -> 7.3 | D9: ='C3'!B10 -> 8.5 | E9: =AVERAGE(B9:D9) -> 7.6666667
A10: Fato Cinzenta | B10: ='C1'!B11 -> 7.05 | C10: ='C2'!B11 -> 7.7 | D10: ='C3'!B11 -> 8.25 | E10: =AVERAGE(B10:D10) -> 7.6666667
